{
  "loss": [
    0.181248277425766, 0.036082375794649124, 0.02838127501308918,
    0.019237643107771873
  ],
  "accuracy": [
    0.9460201263427734, 0.9908908009529114, 0.9936637878417969,
    0.9958046078681946
  ],
  "precision": [
    0.9722030758857727, 0.9926068782806396, 0.9951463937759399,
    0.9964332580566406
  ],
  "recall": [
    0.9326724410057068, 0.9895976781845093, 0.9927586317062378,
    0.9954454302787781
  ],
  "f1_score": [
    0.9459991455078125, 0.990892767906189, 0.9936631917953491,
    0.9958046078681946
  ],
  "val_loss": [
    0.5070839524269104, 0.2558656632900238, 0.3066064417362213,
    0.35969793796539307
  ],
  "val_accuracy": [
    0.8652299046516418, 0.9356321692466736, 0.9236781597137451,
    0.9227011203765869
  ],
  "val_precision": [
    0.9011507034301758, 0.9537124633789062, 0.9427030682563782,
    0.9477829933166504
  ],
  "val_recall": [
    0.8461494445800781, 0.9271839261054993, 0.9143677949905396,
    0.9127586483955383
  ],
  "val_f1_score": [
    0.8566352725028992, 0.9348658919334412, 0.9224402904510498,
    0.9203385710716248
  ]
}
