{"loss": [2.0398027896881104, 1.1538026332855225, 0.2587564289569855, 0.17087802290916443, 0.11421354115009308, 0.10516008734703064], "accuracy": [0.29204022884368896, 0.6061350703239441, 0.9127730131149292, 0.9471408128738403, 0.9660919308662415, 0.969971239566803], "precision": [0.7275204062461853, 0.8372768759727478, 0.9240016341209412, 0.9522343873977661, 0.96877121925354, 0.9727914929389954], "recall": [0.12275861948728561, 0.4926580488681793, 0.9022557735443115, 0.9423563480377197, 0.9640804529190063, 0.9678017497062683], "f1_score": [0.2897466719150543, 0.6035603284835815, 0.9128316640853882, 0.9471871852874756, 0.966110348701477, 0.9699848890304565], "val_loss": [3.516921281814575, 1.0232394933700562, 1.0147281885147095, 0.7537080645561218, 0.8395136594772339, 0.858002245426178], "val_accuracy": [0.0521264374256134, 0.6994252800941467, 0.7655746936798096, 0.7964942455291748, 0.8140230178833008, 0.8182184100151062], "val_precision": [0.0, 0.737033486366272, 0.7820817232131958, 0.8119764924049377, 0.8288624286651611, 0.826069176197052], "val_recall": [0.0, 0.6639655232429504, 0.7565517425537109, 0.7855172157287598, 0.8044252991676331, 0.8114942312240601], "val_f1_score": [0.01625881902873516, 0.7036756277084351, 0.7627054452896118, 0.7979873418807983, 0.8190181255340576, 0.8241633176803589]}