{"loss": [1.8309025764465332, 0.33760392665863037, 0.21116194128990173, 0.11470094323158264, 0.15917719900608063], "accuracy": [0.37291666865348816, 0.8928592205047607, 0.9389224052429199, 0.9679741263389587, 0.9582758545875549], "precision": [0.7509415149688721, 0.9058743119239807, 0.946752667427063, 0.9702235460281372, 0.9643895030021667], "recall": [0.234928160905838, 0.8791666626930237, 0.9324425458908081, 0.9658045768737793, 0.9536925554275513], "f1_score": [0.3677646517753601, 0.8929571509361267, 0.9389597773551941, 0.9679897427558899, 0.9582989811897278], "val_loss": [1.1082552671432495, 1.0948172807693481, 0.8360533714294434, 1.0426310300827026, 1.544700026512146], "val_accuracy": [0.6793103218078613, 0.7463218569755554, 0.8103448152542114, 0.7978160977363586, 0.6467816233634949], "val_precision": [0.7227033972740173, 0.7564125061035156, 0.8189175128936768, 0.8014948964118958, 0.6639927625656128], "val_recall": [0.6329885125160217, 0.7372413873672485, 0.8025861978530884, 0.7950000166893005, 0.6327011585235596], "val_f1_score": [0.6696895360946655, 0.7421603202819824, 0.8125131130218506, 0.7975364923477173, 0.6451544761657715]}