{"loss": [1.354382038116455, 0.2414122074842453, 0.12219779193401337, 0.09037822484970093], "accuracy": [0.5763880014419556, 0.9185386300086975, 0.958774745464325, 0.969671368598938], "precision": [0.8512488603591919, 0.9375705122947693, 0.9643047451972961, 0.9727700352668762], "recall": [0.46544352173805237, 0.9016113877296448, 0.9542278051376343, 0.9671984910964966], "f1_score": [0.5771342515945435, 0.9182676672935486, 0.9586428999900818, 0.969590961933136], "val_loss": [19.10577392578125, 27.062320709228516, 30.07634925842285, 27.6805477142334], "val_accuracy": [0.07879601418972015, 0.08148006349802017, 0.07937116920948029, 0.0738113522529602], "val_precision": [0.08357410877943039, 0.08243487775325775, 0.0796559676527977, 0.07456724345684052], "val_recall": [0.07393915951251984, 0.07866819947957993, 0.07694274187088013, 0.07157464325428009], "val_f1_score": [0.05831336975097656, 0.07189632207155228, 0.058294616639614105, 0.05828816071152687]}