{"loss": [1.5051088333129883, 0.3430905044078827, 0.22062690556049347, 0.19084127247333527, 0.1547679603099823, 0.15142591297626495, 0.13774879276752472, 0.12564212083816528, 0.12138465791940689, 0.11863649636507034, 0.12856382131576538, 0.12128382176160812, 0.11870282143354416], "accuracy": [0.5545788407325745, 0.8829291462898254, 0.9286694526672363, 0.9392310380935669, 0.9522495269775391, 0.954658567905426, 0.9597160220146179, 0.96475750207901, 0.9661614298820496, 0.9686502814292908, 0.9680919051170349, 0.9713146090507507, 0.9713305830955505], "precision": [0.8207688927650452, 0.9083439707756042, 0.9384297132492065, 0.9464144110679626, 0.9566658139228821, 0.9583895802497864, 0.9621265530586243, 0.9670403599739075, 0.9680202603340149, 0.9700033664703369, 0.969905436038971, 0.9722666144371033, 0.9727983474731445], "recall": [0.4444958567619324, 0.860753059387207, 0.9198946952819824, 0.9338066577911377, 0.9488512873649597, 0.951723039150238, 0.9577057957649231, 0.9633376002311707, 0.9648851156234741, 0.9673261046409607, 0.967166543006897, 0.9704052209854126, 0.9705169200897217], "f1_score": [0.5515931248664856, 0.8826287388801575, 0.9285186529159546, 0.9390870928764343, 0.952094316482544, 0.9545539617538452, 0.9596201777458191, 0.9646679162979126, 0.9660465717315674, 0.9685584902763367, 0.968005359172821, 0.9712409973144531, 0.9712398052215576], "val_loss": [0.5024317502975464, 0.22572359442710876, 0.25545886158943176, 0.25021541118621826, 0.14757663011550903, 0.13200576603412628, 0.13477638363838196, 0.3023968040943146, 0.10184909403324127, 0.08672833442687988, 0.24338462948799133, 0.12826454639434814, 0.08850665390491486], "val_accuracy": [0.8276457190513611, 0.9258052110671997, 0.915005087852478, 0.9202454090118408, 0.953987717628479, 0.9609534740447998, 0.9560966491699219, 0.9275946021080017, 0.9707310795783997, 0.9734790325164795, 0.9466385245323181, 0.9632540941238403, 0.9778885245323181], "val_precision": [0.8720593452453613, 0.937336802482605, 0.9245479106903076, 0.9280986189842224, 0.9575289487838745, 0.9636573791503906, 0.9590474367141724, 0.930228054523468, 0.9732297658920288, 0.9746478796005249, 0.948241651058197, 0.966044008731842, 0.978817343711853], "val_recall": [0.7888547778129578, 0.9176891446113586, 0.9083588719367981, 0.913982629776001, 0.9509202241897583, 0.9591001868247986, 0.9548184871673584, 0.9252939820289612, 0.9688138961791992, 0.9729039072990417, 0.9459995031356812, 0.9617842435836792, 0.9774411916732788], "val_f1_score": [0.8275803923606873, 0.9258208274841309, 0.9155209064483643, 0.9208558797836304, 0.954328179359436, 0.9610329270362854, 0.956363320350647, 0.928010880947113, 0.9708002805709839, 0.9733696579933167, 0.946822464466095, 0.9631962180137634, 0.9779260754585266]}