{
  "loss": [
    3.4014554023742676, 3.367635726928711, 3.3676183223724365,
    3.3676352500915527, 3.3676140308380127, 3.3676421642303467,
    3.367642641067505, 3.367640972137451
  ],
  "accuracy": [
    0.03449712693691254, 0.03452586382627487, 0.03324712812900543,
    0.03373563289642334, 0.03393677994608879, 0.033836208283901215,
    0.032499998807907104, 0.032499998807907104
  ],
  "precision": [0.02777777798473835, 0.0, 0.0, 0.0, 0.0, 0.0, 0.0, 0.0],
  "recall": [1.4367816220328677e-5, 0.0, 0.0, 0.0, 0.0, 0.0, 0.0, 0.0],
  "f1_score": [
    0.018955567851662636, 0.015575187280774117, 0.01702216826379299,
    0.015859708189964294, 0.01933503895998001, 0.015436026267707348,
    0.01833817921578884, 0.021184509620070457
  ],
  "val_loss": [
    3.367368221282959, 3.367368698120117, 3.3673641681671143, 3.36735463142395,
    3.3673758506774902, 3.367347002029419, 3.367349624633789, 3.367354154586792
  ],
  "val_accuracy": [
    0.03448275849223137, 0.03448275849223137, 0.03448275849223137,
    0.03448275849223137, 0.03448275849223137, 0.03448275849223137,
    0.03448275849223137, 0.03448275849223137
  ],
  "val_precision": [0.0, 0.0, 0.0, 0.0, 0.0, 0.0, 0.0, 0.0],
  "val_recall": [0.0, 0.0, 0.0, 0.0, 0.0, 0.0, 0.0, 0.0],
  "val_f1_score": [
    0.0022988507989794016, 0.0022988507989794016, 0.0022988507989794016,
    0.0022988507989794016, 0.0022988507989794016, 0.0022988507989794016,
    0.0022988507989794016, 0.0022988507989794016
  ]
}
