{
  "loss": [
    0.8338520526885986, 0.12547878921031952, 0.07170040905475616,
    0.05354756489396095, 0.04478377103805542, 0.03647644445300102,
    0.037841182202100754
  ],
  "accuracy": [
    0.7450430989265442, 0.9578735828399658, 0.9760344624519348,
    0.982557475566864, 0.985991358757019, 0.9884195327758789, 0.9882471561431885
  ],
  "precision": [
    0.9181104898452759, 0.9661440253257751, 0.9788562655448914,
    0.9842590093612671, 0.9873563647270203, 0.9891798496246338,
    0.9889942407608032
  ],
  "recall": [
    0.6760776042938232, 0.949999988079071, 0.9731321930885315,
    0.9810488224029541, 0.9851149320602417, 0.9877586364746094,
    0.9877011775970459
  ],
  "f1_score": [
    0.7468925714492798, 0.9578704833984375, 0.9760333299636841,
    0.982556164264679, 0.9859911203384399, 0.9884188175201416, 0.988246500492096
  ],
  "val_loss": [
    1.1561579704284668, 1.1639217138290405, 1.128994345664978,
    1.2955284118652344, 1.0725510120391846, 1.2629631757736206,
    1.1364209651947021
  ],
  "val_accuracy": [
    0.6670114994049072, 0.7133333086967468, 0.7433907985687256,
    0.7424138188362122, 0.7861494421958923, 0.7656896710395813,
    0.7706322073936462
  ],
  "val_precision": [
    0.7496834993362427, 0.758976936340332, 0.7715798020362854,
    0.764529824256897, 0.8062899112701416, 0.7900552749633789,
    0.7941194176673889
  ],
  "val_recall": [
    0.6125862002372742, 0.6924138069152832, 0.7289655208587646,
    0.73408043384552, 0.7764942646026611, 0.7560919523239136, 0.7574712634086609
  ],
  "val_f1_score": [
    0.6670947670936584, 0.7157817482948303, 0.7464778423309326,
    0.7408391833305359, 0.7865175604820251, 0.764708399772644,
    0.7693125605583191
  ]
}
