{"loss": [0.19332127273082733, 0.03624017909169197, 0.027260465547442436, 0.0195271298289299, 0.012734731659293175, 0.014640201814472675], "accuracy": [0.9407902359962463, 0.9909769892692566, 0.9940229654312134, 0.9957902431488037, 0.9974569082260132, 0.9974138140678406], "precision": [0.9706771373748779, 0.9921639561653137, 0.9951768517494202, 0.9964178800582886, 0.9977425336837769, 0.9978716969490051], "recall": [0.9274569153785706, 0.9896408319473267, 0.9931321740150452, 0.9951580166816711, 0.996982753276825, 0.9969971179962158], "f1_score": [0.941018283367157, 0.9909780025482178, 0.9940237998962402, 0.9957903027534485, 0.9974570274353027, 0.9974135756492615], "val_loss": [0.3856929540634155, 0.29342618584632874, 0.48097842931747437, 0.2500531077384949, 0.40023723244667053, 0.5677582025527954], "val_accuracy": [0.8856321573257446, 0.9189655184745789, 0.8935057520866394, 0.942931056022644, 0.9216092228889465, 0.8960919380187988], "val_precision": [0.9205988645553589, 0.9424331188201904, 0.9109405875205994, 0.9584314823150635, 0.9356852769851685, 0.9109516739845276], "val_recall": [0.8622413873672485, 0.9051149487495422, 0.8799999952316284, 0.9355172514915466, 0.9130460023880005, 0.890114963054657], "val_f1_score": [0.8855632543563843, 0.917817234992981, 0.8918183445930481, 0.9423101544380188, 0.920225203037262, 0.8945144414901733]}