{"loss": [1.3572849035263062, 0.3127704858779907, 0.16938328742980957, 0.1154666617512703, 0.09430944919586182, 0.07653048634529114, 0.07148715108633041, 0.05875927582383156, 0.052176475524902344], "accuracy": [0.5715060830116272, 0.8938098549842834, 0.9425334930419922, 0.961040198802948, 0.9687778949737549, 0.9743618369102478, 0.976068913936615, 0.9810146689414978, 0.9831684827804565], "precision": [0.8409645557403564, 0.9212804436683655, 0.9517649412155151, 0.965602695941925, 0.9715192914009094, 0.9765635132789612, 0.9775857925415039, 0.9821419715881348, 0.9841779470443726], "recall": [0.44510209560394287, 0.8659859895706177, 0.9343331456184387, 0.9570835828781128, 0.9665284156799316, 0.9725750088691711, 0.974856436252594, 0.9800893664360046, 0.9824665188789368], "f1_score": [0.5701146721839905, 0.8935180306434631, 0.9423828125, 0.9608882665634155, 0.9686465859413147, 0.9742823839187622, 0.9759724140167236, 0.9809613823890686, 0.9831316471099854], "val_loss": [0.44721856713294983, 0.2556906044483185, 0.1466340273618698, 0.09827233105897903, 0.06938993185758591, 0.05632469058036804, 0.06956420838832855, 0.06394890695810318, 0.059618111699819565], "val_accuracy": [0.8447725176811218, 0.9159637093544006, 0.9477888345718384, 0.9695807695388794, 0.9791666865348816, 0.9812755584716797, 0.9784637093544006, 0.9795501232147217, 0.981083869934082], "val_precision": [0.8965815901756287, 0.9322460889816284, 0.9549251794815063, 0.9740201234817505, 0.9808173775672913, 0.982569694519043, 0.9798309803009033, 0.9807261228561401, 0.9817669987678528], "val_recall": [0.7944785356521606, 0.8986452221870422, 0.9422929286956787, 0.9655547142028809, 0.9769938588142395, 0.9798696041107178, 0.9779524803161621, 0.9787832498550415, 0.9807004332542419], "val_f1_score": [0.8454768657684326, 0.9161829352378845, 0.9482237100601196, 0.9695779085159302, 0.9791633486747742, 0.9812808632850647, 0.9784666895866394, 0.9795657992362976, 0.9814675450325012]}