{"loss": [1.759455919265747, 0.6339032053947449, 0.40666869282722473, 0.2991446852684021, 0.24864019453525543, 0.20705828070640564, 0.1849188655614853, 0.1608920395374298, 0.14875908195972443, 0.13790521025657654], "accuracy": [0.4614942669868469, 0.7892385125160217, 0.8613074421882629, 0.897068977355957, 0.9143390655517578, 0.9289511442184448, 0.936393678188324, 0.9459051489830017, 0.9503591656684875, 0.9540086388587952], "precision": [0.799772322177887, 0.8702723979949951, 0.9006336331367493, 0.9205636978149414, 0.931731104850769, 0.9413703083992004, 0.945862889289856, 0.9532133936882019, 0.9567626714706421, 0.9595767259597778], "recall": [0.3129453957080841, 0.7210631966590881, 0.8291522860527039, 0.8784770369529724, 0.9012356400489807, 0.9193103313446045, 0.9288074970245361, 0.9393534660339355, 0.9452155232429504, 0.9498707056045532], "f1_score": [0.46003615856170654, 0.7892125844955444, 0.8616118431091309, 0.8973361253738403, 0.9145911931991577, 0.9291690587997437, 0.936604380607605, 0.9460713863372803, 0.9504932165145874, 0.9541388154029846], "val_loss": [0.734218180179596, 0.34062913060188293, 0.24064627289772034, 0.1586695909500122, 0.13180235028266907, 0.08698893338441849, 0.10823800414800644, 0.05577360838651657, 0.0630362331867218, 0.04637935757637024], "val_accuracy": [0.7626436948776245, 0.8902873396873474, 0.9199425578117371, 0.948390781879425, 0.9575862288475037, 0.9744253158569336, 0.9634482860565186, 0.9825862050056458, 0.9801149368286133, 0.984885036945343], "val_precision": [0.8925449252128601, 0.9328829646110535, 0.944366991519928, 0.9621938467025757, 0.96939617395401, 0.9803921580314636, 0.968503475189209, 0.9844750761985779, 0.9837953448295593, 0.9864529967308044], "val_recall": [0.6454023122787476, 0.8491379022598267, 0.895574688911438, 0.9346551895141602, 0.9484483003616333, 0.9683908224105835, 0.9595977067947388, 0.980344831943512, 0.9769540429115295, 0.9834482669830322], "val_f1_score": [0.7609997987747192, 0.8889724612236023, 0.9184204339981079, 0.9475999474525452, 0.9566815495491028, 0.9739471673965454, 0.9618557691574097, 0.9821778535842896, 0.9798471331596375, 0.9845033884048462]}