{"loss": [1.8132389783859253, 0.49106156826019287, 0.323129266500473, 0.25059109926223755], "accuracy": [0.4886566698551178, 0.82911616563797, 0.8894543647766113, 0.9168474674224854], "precision": [0.7967476844787598, 0.8751522898674011, 0.909131646156311, 0.9274213314056396], "recall": [0.36348116397857666, 0.7907785773277283, 0.8742341995239258, 0.9088225960731506], "f1_score": [0.4847351312637329, 0.8283788561820984, 0.8890841007232666, 0.9165590405464172], "val_loss": [14.513178825378418, 18.902664184570312, 19.714242935180664, 28.396120071411133], "val_accuracy": [0.0906825140118599, 0.08250255882740021, 0.08211912214756012, 0.0729166641831398], "val_precision": [0.09913935512304306, 0.08819548785686493, 0.08746954798698425, 0.07435879856348038], "val_recall": [0.07655930519104004, 0.07496165484189987, 0.07342791557312012, 0.06984918564558029], "val_f1_score": [0.08469884097576141, 0.06293141096830368, 0.07998721301555634, 0.06877141445875168]}