{"loss": [2.1619296073913574, 1.0568307638168335, 0.722445011138916, 0.5466918349266052, 0.4388076961040497, 0.36982694268226624, 0.31940045952796936, 0.2866659164428711, 0.2627480626106262, 0.2336406111717224, 0.22357383370399475, 0.20504294335842133], "accuracy": [0.33908045291900635, 0.6479741334915161, 0.7543390989303589, 0.8148994445800781, 0.8519827723503113, 0.8731321692466736, 0.8919540047645569, 0.9038792848587036, 0.9107183814048767, 0.920172393321991, 0.9250287413597107, 0.9308620691299438], "precision": [0.7681236267089844, 0.8152394890785217, 0.8478727340698242, 0.8738314509391785, 0.8930463790893555, 0.9036590456962585, 0.9157864451408386, 0.9229161143302917, 0.9265416860580444, 0.9333245158195496, 0.9365450739860535, 0.9412092566490173], "recall": [0.1671551764011383, 0.5128160715103149, 0.676020085811615, 0.7628448009490967, 0.8161494135856628, 0.8487643599510193, 0.8732471466064453, 0.8881609439849854, 0.8976005911827087, 0.9098706841468811, 0.9150287508964539, 0.922385036945343], "f1_score": [0.3331136107444763, 0.6463193297386169, 0.7537965178489685, 0.8147964477539062, 0.8519386053085327, 0.8731140494346619, 0.8919640779495239, 0.9039148688316345, 0.9107162356376648, 0.9201788306236267, 0.9250183701515198, 0.9308828115463257], "val_loss": [1.7588609457015991, 1.4801899194717407, 1.2029536962509155, 1.1177868843078613, 1.0393143892288208, 1.1013946533203125, 0.996121346950531, 0.9874421954154968, 0.9211273193359375, 0.8962152004241943, 0.9851070642471313, 1.0507911443710327], "val_accuracy": [0.4224712550640106, 0.5298850536346436, 0.6228160858154297, 0.6600574851036072, 0.6932758688926697, 0.6959195137023926, 0.7236781716346741, 0.7498275637626648, 0.7567816376686096, 0.7566092014312744, 0.7459195256233215, 0.7306896448135376], "val_precision": [0.7858851552009583, 0.7272425889968872, 0.7535814046859741, 0.7375706434249878, 0.763742208480835, 0.7540159225463867, 0.7724918723106384, 0.7941434979438782, 0.7980775237083435, 0.8013814687728882, 0.7846354842185974, 0.7771899700164795], "val_recall": [0.22655172646045685, 0.37833333015441895, 0.5260344743728638, 0.6002298593521118, 0.6483908295631409, 0.6636207103729248, 0.6943103671073914, 0.726321816444397, 0.7300574779510498, 0.7334482669830322, 0.725517213344574, 0.7092528939247131], "val_f1_score": [0.41744011640548706, 0.5232573747634888, 0.6211454272270203, 0.6658115386962891, 0.6931126117706299, 0.694700300693512, 0.7246711850166321, 0.7478480935096741, 0.7557826638221741, 0.7590492367744446, 0.7453352808952332, 0.7282902002334595]}