{"loss": [2.0669450759887695, 0.7521711587905884, 0.4443674385547638, 0.3155587315559387, 0.2448178082704544, 0.20378144085407257, 0.1739645153284073, 0.15155445039272308, 0.1347505748271942, 0.12728004157543182], "accuracy": [0.3704530894756317, 0.7433950304985046, 0.8470165729522705, 0.8900606036186218, 0.9151085019111633, 0.9304722547531128, 0.9399330019950867, 0.9480217099189758, 0.9532386660575867, 0.957322895526886], "precision": [0.783588171005249, 0.8560476899147034, 0.8980062007904053, 0.9179396033287048, 0.9331489205360413, 0.942491888999939, 0.948990523815155, 0.9554443955421448, 0.958751916885376, 0.9621815085411072], "recall": [0.21419911086559296, 0.6502712368965149, 0.8019304275512695, 0.8657307028770447, 0.8988034725189209, 0.9198468327522278, 0.931397557258606, 0.9418475031852722, 0.9485800862312317, 0.9530631899833679], "f1_score": [0.3694801330566406, 0.7422522306442261, 0.8465666770935059, 0.8897098898887634, 0.9148681163787842, 0.9302736520767212, 0.9397573471069336, 0.9478704929351807, 0.9530875086784363, 0.957196831703186], "val_loss": [0.9586873054504395, 0.47438687086105347, 0.2796453833580017, 0.20683039724826813, 0.1368938386440277, 0.18762744963169098, 0.09368615597486496, 0.06822918355464935, 0.062028199434280396, 0.04518922418355942], "val_accuracy": [0.6866034865379333, 0.8360015153884888, 0.9099001288414001, 0.9339779615402222, 0.9552382230758667, 0.9340420365333557, 0.9701588153839111, 0.9797643423080444, 0.9805968403816223, 0.9870645403862], "val_precision": [0.8595401048660278, 0.8951517939567566, 0.946933388710022, 0.9517734050750732, 0.964983344078064, 0.9491324424743652, 0.9762522578239441, 0.9821658730506897, 0.9829450249671936, 0.9891968369483948], "val_recall": [0.5313780903816223, 0.7779841423034668, 0.8730148673057556, 0.9124615788459778, 0.9458888173103333, 0.9212346076965332, 0.9634989500045776, 0.9768826961517334, 0.9780353307723999, 0.9850794076919556], "val_f1_score": [0.6862118244171143, 0.8348920345306396, 0.9101308584213257, 0.9339207410812378, 0.9552968144416809, 0.933621346950531, 0.9701889157295227, 0.9798481464385986, 0.9805658459663391, 0.9870184659957886]}