{"loss": [1.780364751815796], "accuracy": [0.44534483551979065], "precision": [0.8035993576049805], "recall": [0.30281609296798706], "f1_score": [0.44595324993133545], "val_loss": [0.6382729411125183], "val_accuracy": [0.7804023027420044], "val_precision": [0.8864063620567322], "val_recall": [0.6771839261054993], "val_f1_score": [0.7767149806022644]}